{
  "init.lua": 1770118252.4896345,
  "lua/custom/lsp_config.lua": 1772026136.7102327,
  "lua/custom/keymaps.lua": 1772024131.535153,
  "lua/custom/autopairs.lua": 1752434469.0,
  "lua/custom/vim_config.lua": 1775579828.759367,
  "lua/custom/indent_line.lua": 1747720270.0,
  "lua/custom/formatters.lua": 1775580311.1024306,
  "lua/custom/gitsigns.lua": 1747720270.0,
  "lua/custom/lint.lua": 1772086543.8288994,
  "lua/custom/plugins/init.lua": 1775580309.5948436,
  "lua/custom/plugins/treesitter-textobjects.lua": 1747721112.0,
  "lua/custom/plugins/spectre.lua": 1769151398.8827598,
  "lua/custom/plugins/nvim-ufo.lua": 1747721112.0,
  "lua/custom/plugins/lualine.lua": 1747721112.0,
  "lua/custom/plugins/octo.lua": 1770118252.4894423,
  "lua/custom/plugins/colorscheme.lua": 1776748846.778767,
  "lua/custom/plugins/which-key.lua": 1770118252.4894679,
  "lua/custom/plugins/toggleterm.lua": 1769149536.520597,
  "lua/custom/plugins/config/telescope.lua": 1769151337.5772774,
  "lua/custom/plugins/config/nvim-cmp.lua": 1747720270.0,
  "lua/custom/plugins/config/nvim-tree.lua": 1747720270.0,
  "lua/custom/plugins/config/lsp.lua": 1759270862.8134775,
  "lua/custom/plugins/config/dap.lua": 1769153384.6787179,
  "colors/monokai_true_dark.lua": 1776748838.337734,
  "LICENSE.md": 1747607640.0,
  "README_FULL.md": 1752441357.7564626,
  "README.md": 1752434661.0,
  "KEYBINDINGS.md": 1752434661.0,
  "CLAUDE.md": 1767516858.0968485
}